index,date,open,high,low,volume,close,close_delta_1,close_delta_2,close_delta_3,returns,mfi,normal_open_,normal_high,normal_low,normal_volume,normal_close,normal_close_delta_1,normal_close_delta_2,normal_close_delta_3,normal_returns,normal_mfi
14,2019-01-22,123.300003,123.800003,121.540001,10052400,116.912544,0.0,0.0,0.0,-0.010554675222491362,59.02034944838368,-1.0,-1.0,-1.0,-0.1865473332740617,-1.0,0.0,0.0,0.0,-0.32978499090704416,0.09367079784273247
15,2019-01-23,131.369995,135.0,130.309998,22063700,126.80793,9.895386000000002,0.0,0.0,0.08124741136936053,68.62387977115974,-0.4196337590531307,-0.23156093960087887,-0.39054932789103525,1.0000000000000002,-0.3603195756230182,0.6396804243769818,0.0,0.0,1.0,0.38115819101790627
16,2019-01-24,132.630005,133.21000700000002,131.429993,6322900,126.464409,-0.3435209999999955,9.551865000000006,0.0,-0.0027126626777117307,66.4343482257766,-0.32901814663920526,-0.35437352062576544,-0.3127178639226127,-0.5549694257574409,-0.38252625447944766,-0.022206678856429463,0.6174737455205523,0.0,-0.21619072559457916,0.3156132616949725
17,2019-01-25,132.869995,134.440002,132.429993,5707400,127.838509,1.3740999999999985,1.030579000000003,10.925965000000005,0.010806902131598965,67.16980097185399,-0.3117588861387208,-0.269982765691136,-0.2432251751441612,-0.6157721601517351,-0.29369850474473047,0.08882774973471719,0.06662107087828772,0.7063014952552695,-0.0203551511054465,0.3376294771560586
18,2019-01-28,133.100006,134.809998,132.580002,5357700,128.124802,0.28629299999998636,1.660392999999985,1.3168719999999894,0.0022369855919440193,67.96984398411234,-0.29521728120944246,-0.2445971000885958,-0.23280064639319242,-0.6503175967361131,-0.2751912906010734,0.01850721414365708,0.10733496387837427,0.0851282850219448,-0.14449335766305943,0.3615792406588285
19,2019-01-29,134.28999299999998,135.41000400000001,133.600006,5037100,128.182022,0.05722000000000094,0.3435129999999873,1.7176129999999858,0.00044649611787637235,68.26942809717835,-0.20963748361291046,-0.20343029916232425,-0.1619178258684162,-0.6819883630185025,-0.27149234304280334,0.0036989475582700493,0.02220616170192713,0.11103391143664432,-0.17042921726479024,0.3705474693005171
20,2019-01-30,134.0,135.029999,133.25,4500900,128.229752,0.04773000000000138,0.10495000000000232,0.3912429999999887,0.0003722918008537087,63.49897803454939,-0.23049278896028902,-0.22950268874840773,-0.1862406838970081,-0.7349573738750752,-0.26840687000966135,0.0030854730331419944,0.006784420591412044,0.025291634735069124,-0.17150409247406467,0.22774120882305682
21,2019-01-31,134.449997,134.720001,133.740005,4884000,128.267914,0.03816199999999981,0.08589200000000119,0.14311200000000213,0.0002975621640283771,64.06474669514886,-0.1981305428357114,-0.25077185264600743,-0.15218891893212216,-0.6971124875282774,-0.2659399137580234,0.002466956251637953,0.005552429284779947,0.009251376843049997,-0.17258657712245914,0.24467783024343182
22,2019-02-01,134.970001,135.199997,133.350006,3806000,127.96257,-0.30534399999999096,-0.26718199999999115,-0.21945199999998977,-0.0023833553273794913,63.73855235500447,-0.16073363255905448,-0.2178390156786989,-0.1792909980630295,-0.8036037103991938,-0.2856786666981268,-0.01973875294010341,-0.017271796688465457,-0.014186323655323463,-0.21142059467354574,0.2349130086242195
23,2019-02-04,134.020004,135.199997,132.990005,3966600,129.00267,1.0400999999999954,0.7347560000000044,0.7729180000000042,0.008095302540893,68.81366160738082,-0.22905416965510206,-0.2178390156786989,-0.20430843551596212,-0.78773869148169,-0.2184421173210236,0.06723654937710322,0.047497796436999806,0.04996475268863776,-0.05963360948190918,0.3868394231828949
24,2019-02-05,135.279999,135.820007,134.919998,5398900,129.346191,0.34352100000000974,1.383621000000005,1.0782770000000141,0.002659359140382205,69.60555773590332,-0.13843963598990605,-0.17529972733441923,-0.0701880326223705,-0.646247616789655,-0.19623543846459413,0.022206678856429463,0.08944322823353268,0.06970447529342927,-0.13837513065841203,0.4105453048746013
25,2019-02-06,135.220001,136.649994,135.169998,4879700,130.080963,0.7347719999999924,1.0782930000000022,2.1183929999999975,0.005664587946349802,73.91807901611288,-0.1427544870733204,-0.11835378079323178,-0.05281486042775718,-0.6975372669887087,-0.14873660771859676,0.04749883074599737,0.06970550960242683,0.13694205897953005,-0.09484335149325404,0.5396431948369591
26,2019-02-07,133.550003,134.470001,132.119995,4379400,128.57501200000002,-1.5059509999999818,-0.7711789999999894,-0.42765799999997967,-0.011644563916912256,69.05357815617263,-0.26285503508486485,-0.26792451483866486,-0.2647677696801036,-0.7469598632802852,-0.2460877746938852,-0.09735116697528845,-0.04985233622929108,-0.02764565737286162,-0.3455724057840478,0.3940214677929028
27,2019-02-08,132.33999599999999,133.71000700000002,132.190002,3249800,129.076996,0.5019839999999931,-1.0039669999999887,-0.2691949999999963,0.003896609532022492,64.5891940055738,-0.34987460265189796,-0.3200681962404506,-0.2599027950167905,-0.8585484396763772,-0.21363736415401746,0.03245041053986775,-0.0649007564354207,-0.017401925689423337,-0.1204531306050587,0.2603774724650243
28,2019-02-11,134.28999299999998,135.149994,133.91000400000001,3095100,129.347305,0.27030899999999747,0.7722929999999906,-0.7336579999999913,0.002091978947298413,73.12446405247876,-0.20963748361291046,-0.22126975394917814,-0.14037523133247376,-0.873830621659801,-0.1961634247005275,0.01747393945348996,0.04992434999335771,-0.04742681698193074,-0.14659382908795004,0.5158858587936825
29,2019-02-12,135.149994,136.199997,134.860001,3317200,131.335922,1.988617000000005,2.2589260000000024,2.7609099999999955,0.015257257624433064,65.36912545379136,-0.1477891512253997,-0.14922836690806918,-0.0743573854710089,-0.8518902685989191,-0.06761064601323952,0.12855277868728798,0.14602671814077794,0.1784771286806457,0.044109788181639104,0.283725184334235
30,2019-02-13,136.919998,137.919998,136.41000400000001,4253000,132.75499,1.4190679999999816,3.4076849999999865,3.677993999999984,0.010746917773972894,74.37251482166297,-0.020496513520066983,-0.03121798241193474,0.03335649061365942,-0.7594464036985448,0.024124029163633764,0.09173467517687328,0.22028745386416126,0.23776139331765123,-0.02122404528227481,0.5532470010115713
31,2019-02-14,137.169998,137.600006,136.21000700000002,2789400,131.75100700000002,-1.0039829999999768,0.4150850000000048,2.4037020000000098,-0.007591418213423635,68.33366096992876,-0.0025173680343328897,-0.05317284113334608,0.019458161336034507,-0.9040294777188354,-0.040777761580786276,-0.06490179074442004,0.02683288443245324,0.15538566311974122,-0.2868611877436408,0.37247031855725043
32,2019-02-15,137.580002,138.190002,137.389999,3844100,133.247314,1.4963069999999732,0.49232399999999643,1.911391999999978,0.011293074588268216,67.57809238347409,0.02696871822860203,-0.012692832801269205,0.10145897815309723,-0.7998399668079305,0.0559499756452535,0.09672773722603978,0.03182594648161974,0.12356062165849302,-0.013312774838494024,0.34985192344792826
33,2019-02-19,137.809998,138.699997,137.360001,3385700,133.89408899999998,0.646774999999991,2.143081999999964,1.1390989999999874,0.0048422015941828635,66.68855947431624,0.04350924440915094,0.022298255018508684,0.0993743364751225,-0.8451234330083275,0.09776030082877085,0.04181032518351735,0.13853806240955713,0.07363627166513709,-0.10675590237785947,0.32322322664558456
34,2019-02-20,138.759995,139.240005,137.220001,3802000,133.218353,-0.6757359999999721,-0.02896099999998114,1.467345999999992,-0.00505957293841706,67.3735478289166,0.11182978150519673,0.05934855423983976,0.08964536004613777,-0.803998854083316,0.05407781171244963,-0.04368248911632122,-0.001872163932803872,0.0948555732932359,-0.2501865328311511,0.34372876052747103
35,2019-02-21,137.820007,138.350006,137.350006,2937300,133.063904,-0.15444899999999961,-0.8301849999999718,-0.18340999999998076,-0.001160039869423752,60.629437678340835,0.044229057477815914,-0.001714854555372014,0.0986797570507818,-0.8894190399984193,0.044093562299178046,-0.009984249413271584,-0.053666738529592806,-0.011856413346075456,-0.19370044695657104,0.14183981122337808
36,2019-02-22,138.729996,139.380005,138.429993,3113700,134.425049,1.3611449999999934,1.2066959999999938,0.5309600000000216,0.010177293180574722,67.34721524449242,0.10967235596349134,0.06895404506772884,0.17373095752655487,-0.8719932035286331,0.13208384496613057,0.08799028266695252,0.07800603325368094,0.03432354413735972,-0.029475254627004982,0.3429404789479651
37,2019-02-25,140.0,140.470001,139.320007,3194200,134.62776200000002,0.20271300000001702,1.5638580000000104,1.4094090000000108,0.0015068643037322604,66.95369556695371,0.20100670269735232,0.14373937778512058,0.23558042343702112,-0.864040936885675,0.14518808747539147,0.0131042425092609,0.10109452517621342,0.09111027576294184,-0.15506941716944422,0.3311602333032535
38,2019-02-26,139.669998,140.490005,139.470001,3060400,134.878738,0.2509759999999801,0.4536889999999971,1.8148339999999905,0.001862486229830629,65.48242914509618,0.17727408682301693,0.1451118652031287,0.24600390979765585,-0.8772584931195605,0.16141225843632512,0.016224170960933648,0.029328413470194548,0.11731869613714707,-0.149918110512706,0.28711699773571886
39,2019-02-27,139.25,139.570007,138.399994,2530900,134.347809,-0.5309289999999862,-0.2799530000000061,-0.0772399999999891,-0.0039441109665999475,58.354206285788216,0.1470692662401465,0.08199020555544578,0.17164624635588943,-0.9295656383052286,0.12709071827265284,-0.03432154016367228,-0.018097369202738633,-0.004993126693477734,-0.23402868018184514,0.0737294059941691
40,2019-02-28,138.770004,139.059998,137.720001,3457800,133.343857,-1.0039519999999982,-1.5348809999999844,-1.2839050000000043,-0.007500843952906317,59.325588079283335,0.11254959457386349,0.04699815718658584,0.1243917044353644,-0.838000968102026,0.06219093150191668,-0.06489978677073616,-0.09922132693440844,-0.08299715597347479,-0.2855491882382927,0.10280829783953926
41,2019-03-01,139.309998,140.03999299999998,138.639999,3030000,134.376755,1.0328979999999888,0.02894599999999059,-0.5019829999999956,0.007716276436495192,66.10611521636889,0.15138411732356083,0.11423624992855785,0.18832483912616205,-0.8802615851188887,0.12896191254077038,0.0667709810388537,0.0018711942681175486,-0.03245034589555473,-0.06512393375995132,0.3057874112985959
42,2019-03-04,139.990005,140.080002,137.169998,3406900,133.633453,-0.7433019999999999,0.28959599999998886,-0.7143560000000093,-0.005546832796647332,59.0005104377605,0.20028789646083212,0.11698129337522367,0.08617051712914936,-0.8430291714824802,0.08091166580959097,-0.048050246731179413,0.01872073430767429,-0.046179052463061865,-0.2572446604859927,0.09307690525786638
43,2019-03-05,138.369995,138.740005,137.559998,4250300,133.102509,-0.5309440000000052,-1.274246000000005,-0.24134800000001633,-0.0039810507533567675,50.84984058122784,0.08378231454744878,0.025043229854524895,0.11327266575274564,-0.7597131256853272,0.04658915598123059,-0.03432250982836038,-0.0823727565595398,-0.01560177552068609,-0.23456376577543214,-0.1509182455804452
44,2019-03-06,138.119995,138.389999,136.720001,2768300,132.233688,-0.868820999999997,-1.3997650000000021,-2.143067000000002,-0.006548854735622104,43.2356924337037,0.06580316906171468,0.0010290911209107634,0.05489901565691113,-0.9061138606525797,-0.009575180204102196,-0.056164336185332786,-0.09048684601369317,-0.13853709274487258,-0.27175929500549273,-0.37885229989272795
45,2019-03-07,136.610001,136.889999,134.630005,4358800,130.66983000000002,-1.563857999999982,-2.432678999999979,-2.963622999999984,-0.011896960963141317,41.84481478099232,-0.042790438172632506,-0.1018868820350356,-0.09034042591929925,-0.7489948532535142,-0.11066970538031384,-0.10109452517621165,-0.15725886136154443,-0.19158137118990481,-0.34922846433658256,-0.42048904983407787
46,2019-03-08,134.21000700000002,135.240005,133.580002,3773600,130.40918,-0.2606500000000267,-1.8245080000000087,-2.6933290000000056,-0.001996714225307578,33.82781220068395,-0.21538980333619584,-0.21509404084268446,-0.16330795761474093,-0.8068043742405832,-0.12751924541987059,-0.016849540039556743,-0.11794406521576839,-0.17410840140110118,-0.2058199645191477,-0.6604827912424207
47,2019-03-11,136.029999,137.729996,135.83999599999999,3939300,132.938416,2.5292359999999974,2.2685859999999707,0.7047279999999887,0.019208937605076856,34.55275458716403,-0.084502199532702,-0.04425414289965168,-0.0062548979315710795,-0.7904355471258235,0.035981476818710334,0.16350072223858092,0.14665118219902418,0.04555665702281253,0.10135124011607,-0.6387812096482988
48,2019-03-12,138.520004,139.699997,137.860001,3954700,133.488647,0.5502309999999966,3.079466999999994,2.8188169999999673,0.004130449632836377,42.749720311739374,0.0945704490881294,0.09090890378914018,0.13412068086434914,-0.7889142439419533,0.07155078150125327,0.035569304682542935,0.19907002692112385,0.1822204868815671,-0.11706587582819294,-0.3934001644595726
49,2019-03-13,138.050003,139.320007,137.850006,3173200,133.758942,0.2702950000000044,0.820526000000001,3.3497619999999984,0.002022806590519962,42.524969582504426,0.06076958365836482,0.06483754336278835,0.13342610144000666,-0.8661154412273162,0.08902381593436992,0.017473034433116652,0.05304233911565959,0.2165430613542405,-0.14759581461185878,-0.4001282112392799
50,2019-03-14,138.509995,138.940002,138.059998,2738600,133.980972,0.22203000000001794,0.49232500000002233,1.042556000000019,0.001658550251842343,42.05884988840199,0.09385063601946264,0.038765153776704864,0.14801901014197227,-0.9090478025071866,0.10337679262718602,0.0143529766928161,0.03182601112593275,0.06739531580847569,-0.15287219372260596,-0.41408178156823605
51,2019-03-15,139.369995,140.330002,139.229996,7153700,134.59878500000002,0.6178130000000124,0.8398430000000303,1.1101380000000347,0.004600600556015563,46.55347466517847,0.1556988964903887,0.13413395556788288,0.22932531702738324,-0.47289808256527266,0.14331488923358648,0.039938096606400464,0.05429107329921656,0.07176410773233322,-0.11025557701783602,-0.27953251510613963
52,2019-03-18,139.830002,140.369995,138.720001,3268500,135.351776,0.7529909999999802,1.3708039999999926,1.5928340000000105,0.005578747087007803,46.76769856376035,0.18878102760021598,0.13687790124416566,0.1938843932138159,-0.8567011429531062,0.19199147470807354,0.048676585474487055,0.08861468208088752,0.10296765877370362,-0.0960867860446609,-0.27311959526424934
53,2019-03-19,140.96000700000002,141.699997,140.0,3482300,135.62207,0.2702940000000069,1.0232849999999871,1.6410979999999995,0.0019949828637450357,52.60213364701295,0.27004712477864956,0.2281302013304014,0.28283496535754793,-0.8355807130367778,0.20946444449687718,0.01747296978880364,0.0661495552632907,0.10608765186969116,-0.14799885092214327,-0.09846231024937668
54,2019-03-20,140.529999,140.699997,138.979996,3649500,134.762924,-0.8591460000000097,-0.5888520000000028,0.1641389999999774,-0.006355004238582691,52.37353539026767,0.23912241921052946,0.15951955255977168,0.21195214483276992,-0.8190637070404725,0.15392554203447872,-0.055538902462398454,-0.038065932673594816,0.01061065280089224,-0.2689513034770544,-0.10530553505392892
55,2019-03-21,139.100006,142.119995,138.880005,3605400,136.539154,1.7762299999999982,0.9170839999999885,1.1873779999999954,0.013094299848272394,52.92374263767298,0.13628221044819888,0.25694653659276945,0.20500350138912538,-0.823420166157919,0.2687487091338845,0.11482316709940577,0.05928426463700731,0.07675723442581095,0.012778596337472137,-0.08883475379471828
56,2019-03-22,140.970001,141.440002,138.899994,3877200,134.618103,-1.9210510000000056,-0.14482100000000742,-1.0039670000000172,-0.014169513017996592,52.4249850551997,0.2707658590985851,0.21029177570328095,0.20639259074511607,-0.7965701528218198,0.1445636880614547,-0.12418502107242979,-0.009361853973024026,-0.06490075643542248,-0.38214716723096465,-0.10376535872773296
57,2019-03-25,139.059998,139.91000400000001,138.350006,2839800,134.35746799999998,-0.2606350000000077,-2.1816860000000133,-0.40545600000001514,-0.0019379832942075645,53.80355818781276,0.13340497183782496,0.10531762030551484,0.1681724458292333,-0.8990506672988965,0.12771511768658428,-0.01684857037487042,-0.1410335914473002,-0.026210424347894445,-0.20496922665927722,-0.06249695191525784
58,2019-03-26,139.929993,141.020004,139.419998,2553700,135.361435,1.0039670000000172,0.7433320000000094,-1.1777189999999962,0.007444577488846259,58.8958932662611,0.195972038545273,0.18147544044091468,0.24252906688066744,-0.9273133193057325,0.19261587412200853,0.06490075643542426,0.048052186060553836,-0.07613283501187595,-0.06905958703366305,0.08994512799420806
59,2019-03-27,140.41000400000001,140.490005,138.399994,3098200,134.41539,-0.946044999999998,0.057922000000019125,-0.2027129999999886,-0.007013566699083491,60.21654580171178,0.23049278896028724,0.1451118652031287,0.17164624635588943,-0.8735243853046063,0.13145944555219558,-0.06115642856981296,0.0037443278656112966,-0.013104242509259123,-0.2784908086022735,0.1294796472747335
60,2019-03-28,139.91000400000001,140.440002,139.100006,2663900,135.071823,0.6564329999999927,-0.2896120000000053,0.7143550000000118,0.0048717287250313775,66.7304739745587,0.19453449798881728,0.14168112693265122,0.22029196241307325,-0.9164271108081675,0.1738941055053349,0.04243465995313933,-0.01872176861667363,0.04617898781875063,-0.1063281916701337,0.3244779621445051
61,2019-03-29,140.5,141.220001,140.149994,3101400,136.210953,1.1391299999999944,1.7955629999999871,0.8495179999999891,0.008398149797215123,66.23015427443963,0.2369649936688223,0.19519736436309465,0.29325845171818266,-0.8732082703573085,0.24753238114415765,0.07363827563882275,0.11607293559196208,0.05491650702214912,-0.05524676217869895,0.3095005942904887
62,2019-04-01,141.509995,143.41000400000001,141.509995,3984300,138.33471699999998,2.123763999999994,3.2628939999999886,3.9193269999999814,0.015471424937983192,66.33066863206778,0.3096003818482824,0.3454548910027242,0.38776857794956676,-0.7859901806794495,0.38482164472584657,0.13728926358168891,0.21092753922051166,0.253362199173651,0.04721207582754017,0.31250955138022296
63,2019-04-02,143.350006,143.949997,142.600006,2404800,138.045105,-0.2896119999999769,1.8341520000000173,2.9732820000000117,-0.002095754342026189,72.33102308442686,0.44192768370569446,0.38250416106432183,0.4635163731376579,-0.9420225429471791,0.3660998761091747,-0.018721768616671852,0.11856749496501706,0.1922057706038398,-0.20725459488104384,0.49213373141166694
64,2019-04-03,143.649994,144.220001,143.009995,2681200,138.653275,0.6081700000000012,0.3185580000000243,2.4423220000000185,0.0043959128301266715,72.35348414603745,0.46350179528959146,0.40102931067498737,0.49200761111724667,-0.9147181143743393,0.4054146076106395,0.039314731501464806,0.020592962884792954,0.15788222646648187,-0.11322054955620643,0.4928061166526507
65,2019-04-04,143.619995,144.139999,142.53999299999998,2771100,137.832718,-0.820557000000008,-0.21238700000000676,-0.5019989999999837,-0.0059356309535321524,63.263205534402374,0.4613443697478843,0.3955403215520388,0.45934590840599476,-0.9058372600736941,0.3523702645212943,-0.05304434308934525,-0.013729611587880441,-0.032451380204552294,-0.26287653632576957,0.22068321877444874
66,2019-04-05,143.28999299999998,143.5,142.46000700000002,2731800,138.31541399999998,0.4826959999999758,-0.33786100000003216,0.27030899999996905,0.0034959243657322037,56.492087739972185,0.43761175387355067,0.35162957494948444,0.4537874662013639,-0.9097195467701942,0.3835738155626629,0.031203551041368627,-0.02184079204797662,0.017473939453488185,-0.12625719388938073,0.01798577958522496
67,2019-04-08,143.020004,143.419998,142.869995,2118200,138.4216,0.10618600000003653,0.5888820000000123,-0.23167499999999563,0.0007674145476710689,55.12544955737422,0.41819506783135907,0.34614058582653584,0.48227863468826193,-0.9703345879145303,0.3904381365242635,0.006864320961600612,0.03806787200296924,-0.014976471086376009,-0.16578060276059312,-0.022925347398666807
68,2019-04-09,142.66000400000001,142.949997,141.83999599999999,3038500,137.185944,-1.2356560000000059,-1.1294699999999693,-0.6467739999999935,-0.008966839306237049,55.855415324442056,0.3923050983319012,0.31389351229369034,0.410701234739145,-0.8794219047901293,0.31056000398208994,-0.07987813254217357,-0.07301381158057296,-0.041810260539204336,-0.3067846382152184,-0.0010733879183340012
69,2019-04-10,142.199997,143.5,141.979996,2678000,138.06440700000002,0.8784630000000107,-0.3571929999999952,-0.2510069999999587,0.006383032605885428,54.892970644784455,0.3592229672220739,0.35162957494948444,0.42043021116812795,-0.9150342293216369,0.36734764062804537,0.05678763664595543,-0.023090495896218144,-0.016226174934617532,-0.08443643199375113,-0.02988474194445412
70,2019-04-11,143.800003,144.110001,143.029999,2942000,138.79808,0.7336729999999818,1.6121359999999925,0.3764799999999866,0.005299921454180248,63.582918152788785,0.4742899298302703,0.393482139310219,0.4933977428635714,-0.8889547461695758,0.41477542727466243,0.047427786646617065,0.1042154232925725,0.02433729075039892,-0.10012567181925885,0.23025400619697978
71,2019-04-12,144.259995,144.440002,143.699997,2898900,139.348328,0.5502480000000105,1.2839209999999923,2.162384000000003,0.0039565401672055165,70.73157958006139,0.5073709821913681,0.41612372201517545,0.5399577053597557,-0.8932124193659918,0.4503458309105177,0.035570403635855286,0.08299819028247235,0.13978582692842778,-0.11958501461640769,0.4442534386290775
72,2019-04-15,144.399994,144.46000700000002,143.270004,3603200,138.91391000000002,-0.43441799999999375,0.11583000000001675,0.8495029999999986,-0.003122366556504285,62.607889386690516,0.5174392317467955,0.41749627804383316,0.5100763356338422,-0.8236374951841863,0.42226317798550816,-0.028082652925009555,0.007487750710845731,0.054915537357462796,-0.2221254280502758,0.20106594005721767
73,2019-04-16,144.399994,145.389999,144.020004,6301700,140.110962,1.1970519999999851,0.7626339999999914,1.3128820000000019,0.00858030565869484,72.34026334739612,0.5174392317467955,0.4813036325153277,0.5621958522176822,-0.5570636872832883,0.49964578148994043,0.07738260350443227,0.04929995057942271,0.084870354215278,-0.05260817149308189,0.49241034418051366
74,2019-04-17,137.369995,141.979996,136.259995,12525700,134.289902,-5.821059999999989,-4.6240080000000034,-5.058425999999997,-0.04243378356452557,54.52712213085569,0.01186573260450885,0.24734111437552997,0.022931961862690642,0.05777988521075983,0.12334736007172964,-0.3762984214182108,-0.2989158179137785,-0.3269984708387881,-0.7915649064901314,-0.04083663484543765
75,2019-04-18,139.0,140.490005,138.699997,4960000,135.467621,1.1777189999999962,-4.643340999999992,-3.4462890000000073,0.008731741525938754,56.003308548107846,0.1290901207544124,0.1451118652031287,0.19249426146749293,-0.6896047575299568,0.1994801950836056,0.07613283501187595,-0.30016558640633484,-0.22278298290190257,-0.050414570554126514,0.003353883711049388
76,2019-04-22,139.419998,140.559998,138.479996,4494000,134.07751499999998,-1.3901060000000314,-0.2123870000000352,-6.033447000000024,-0.010314549504008546,48.46380076808865,0.15929494133728284,0.1499141303425322,0.17720580044354506,-0.735638996730186,0.10961774848384565,-0.08986244659975995,-0.013729611587883994,-0.3900280330060948,-0.32630668678320784,-0.22234576679779638
77,2019-04-23,139.149994,140.919998,138.940002,4462200,135.57380700000002,1.4962920000000395,0.10618600000000811,1.2839050000000043,0.01109809028016329,50.21794757108027,0.13987717654636178,0.17461396389995798,0.20917285423776555,-0.7387803890189569,0.20634451604520265,0.09672676756135701,0.006864320961597059,0.08299715597347301,-0.016137190012553232,-0.1698343387406971
78,2019-04-24,140.600006,141.309998,139.779999,2774900,135.10076899999999,-0.47303800000003093,1.0232540000000085,-0.3668520000000228,-0.003495256101073574,50.244406829640845,0.24415708336260877,0.20137211692050627,0.26754650433360005,-0.9054618735737782,0.17576529977345245,-0.030579216271750198,0.06614755128960681,-0.02371489531015314,-0.22752686213574477,-0.16904226509556208
79,2019-04-25,139.699997,139.75,137.71000700000002,2910100,133.826523,-1.2742459999999767,-1.7472840000000076,-0.25099199999996813,-0.009476580280926948,50.20232476698168,0.1794315123647241,0.09433964205961765,0.12369719450371441,-0.8921060170504499,0.09339254321391444,-0.08237275655953802,-0.11295197283128822,-0.01622520526993121,-0.31416841262120365,-0.17030201667510614
80,2019-04-26,139.33999599999999,139.889999,138.809998,2319800,134.608459,0.7819360000000017,-0.49230999999997493,-0.9653480000000059,0.005825903955020117,54.56216751181177,0.1535414709486833,0.10394506427685712,0.20013852672581223,-0.9504193462347745,0.1439402583122078,0.050547715098293367,-0.03182504146124465,-0.06240425773299485,-0.09250663328687445,-0.039787530518667236
81,2019-04-29,139.149994,139.630005,138.809998,2958300,134.231979,-0.376480000000015,0.4054559999999867,-0.86878999999999,-0.0028007709621600176,50.19604398455592,0.13987717654636178,0.08610670726038805,0.20013852672581223,-0.8873445356567782,0.1196029675618071,-0.024337290750400697,0.02621042434789267,-0.05616233221164535,-0.21746700458325632,-0.17049003563334275
82,2019-04-30,139.110001,140.440002,138.679993,4638800,135.409698,1.1777189999999962,0.8012389999999812,1.583174999999983,0.008735492986774406,56.535499867357096,0.1370010166847191,0.14168112693265122,0.1911041297211682,-0.7213347953649645,0.19573580257368306,0.07613283501187595,0.05179554426147526,0.10234325935976862,-0.050360229345789875,0.01928534744356525
83,2019-05-01,140.550003,141.809998,140.169998,3053700,135.689636,0.27993800000001556,1.4576570000000117,1.0811769999999967,0.0020652068403568466,56.777094256996975,0.24056103851571464,0.23567744130582113,0.2946485834645056,-0.8779203587904651,0.21383220211173537,0.01809639953805231,0.09422923454992826,0.06989194379952757,-0.14698163232105232,0.02651761921747675
84,2019-05-02,140.5,141.279999,139.41000400000001,3541400,134.75325,-0.9363859999999988,-0.6564479999999833,0.5212710000000129,-0.006924861332299692,51.40220269828734,0.2369649936688223,0.19931386606803514,0.24183455694901745,-0.8297424651038733,0.1533001729558574,-0.060532029155877964,-0.042435629617825654,0.0336972053940503,-0.2772058806693558,-0.13438295701624403
85,2019-05-03,139.699997,141.0,139.630005,2579900,135.390396,0.6371460000000013,-0.2992399999999975,-0.019301999999981945,0.004717099149752465,51.08533625429712,0.1794315123647241,0.18010295302290658,0.25712301797296533,-0.9247251281747324,0.19448803805481418,0.04118786509895678,-0.019344164056921187,-0.0012477645188688768,-0.10856805457510692,-0.14386854251508852
86,2019-05-06,138.300003,140.690002,137.899994,2793300,135.515884,0.12548799999999005,0.7626339999999914,-0.17375200000000746,0.0009264311552707144,51.86074945795416,0.0787487291441007,0.15883378912530866,0.13689990196666457,-0.9036442126268163,0.20260012353528012,0.008112085480465936,0.04929995057942271,-0.011232078576455251,-0.16347719217439266,-0.12065608698461716
87,2019-05-07,139.149994,139.509995,136.190002,4726800,132.870834,-2.6450499999999977,-2.5195620000000076,-1.8824160000000063,-0.019711375146243444,42.375650477964854,0.13987717654636178,0.07787274330142324,0.01806796009702083,-0.7126416343142774,0.03161268489485458,-0.17098743864042554,-0.1628753531599596,-0.12168748806100282,-0.46242295783018317,-0.4045981674608503
88,2019-05-08,137.770004,138.699997,137.130005,3818900,133.218353,0.34751900000000546,-2.297530999999992,-2.172043000000002,0.00261205050461466,57.308484795811175,0.04063301263092356,0.022298255018508684,0.08339129602683393,-0.8023293720178999,0.05407781171244963,0.02246512681759505,-0.1485223118228305,-0.14041022634236455,-0.1390604126178915,0.042425111111299874
89,2019-05-09,134.889999,135.580002,133.029999,4192700,132.20245400000002,-1.0158989999999903,-0.6683799999999849,-3.3134299999999826,-0.007655043871092655,48.245787829999124,-0.166487102947654,-0.1917666260926154,-0.20152914492095597,-0.765403194736686,-0.011594280659100065,-0.0656720923715497,-0.043206965553954646,-0.21419440419438018,-0.2877828274116041,-0.22887211379137806
90,2019-05-10,134.880005,135.75,132.419998,3977600,132.18293799999998,-0.019516000000038503,-1.0354150000000288,-0.6878960000000234,-0.00014763296782668557,48.88126738117731,-0.16720583726758953,-0.1801029530229048,-0.2439197545685019,-0.7866520463503541,-0.012855879060836628,-0.0012615984017365633,-0.06693369077328626,-0.04446856395569121,-0.17903538265993907,-0.2098486553918073
91,2019-05-13,133.279999,133.570007,130.96000700000002,4958000,128.37333700000002,-3.809600999999958,-3.8291169999999966,-4.845015999999987,-0.02924414313195628,39.45063900256012,-0.2822727998757859,-0.32967368706833966,-0.3453784547508416,-0.6898023293720178,-0.25912491640682234,-0.2462690373459857,-0.24753063574772227,-0.31320272811927197,-0.600508400763081,-0.4921601260124111
92,2019-05-14,131.820007,134.320007,131.679993,3280400,130.21951299999998,1.8461759999999572,-1.9634250000000009,-1.9829410000000394,0.014278874047633085,39.882958474329634,-0.38727043417982365,-0.2782157004903656,-0.2953446917279994,-0.8555255904928429,-0.13978013822893587,0.11934477817788647,-0.12692425916809924,-0.1281858575698358,0.02993756351791302,-0.47921838544611917
93,2019-05-15,132.58999599999999,134.58999599999999,132.369995,2551000,131.28424099999998,1.0647280000000023,2.9109039999999595,-0.8986969999999985,0.008143163280182173,45.293890302851146,-0.3318954571661621,-0.2596915800394335,-0.2473945974854903,-0.9275800412925149,-0.07095152872486388,0.06882860950407199,0.18817338768195846,-0.05809564966402725,-0.05894033011187244,-0.3172389222958887
94,2019-05-16,134.740005,136.110001,134.639999,3017300,132.72995,1.4457090000000221,2.5104370000000245,4.356612999999982,0.010951861676458525,45.98853908611283,-0.1772741587396034,-0.15540305085482942,-0.08964591598764748,-0.8815161663159765,0.022505335579937835,0.09345686430480171,0.1622854738088737,0.28163025198676017,-0.018255361937254883,-0.2964441977352148
95,2019-05-17,134.679993,135.41000400000001,133.940002,2619100,131.20611599999998,-1.5238340000000221,-0.078125,0.9866030000000023,-0.011547121656289832,46.37954196843178,-0.1815900166551625,-0.20343029916232425,-0.13829058965449903,-0.9208527200703355,-0.07600186563485956,-0.09850720121479739,-0.0050503369099956785,0.06377827259407631,-0.3441609209206171,-0.28473929385260166
96,2019-05-20,133.529999,135.429993,132.929993,3264500,131.987564,0.7814480000000117,-0.7423860000000104,0.7033230000000117,0.005938214749756061,38.0178537793808,-0.2642936543900518,-0.20205884090404957,-0.20847883075493456,-0.8570962866372284,-0.02548569696103975,0.050516168673819806,-0.047991032540977585,0.04546583176382413,-0.09087977256179419,-0.535051404005759
97,2019-05-21,136.119995,137.059998,135.78999299999998,2503500,133.286728,1.2991640000000189,2.0806120000000305,0.5567780000000084,0.009794951309609517,37.18804032037373,-0.07802999482416517,-0.09022314035467538,-0.009729740848561264,-0.9322723725414653,0.058497866576077584,0.08398356353711733,0.13449973221093714,0.03599253099613975,-0.035013608931143164,-0.5598923635418409
98,2019-05-22,136.0,136.75,135.71000700000002,1849800,133.189056,-0.09767200000001708,1.2014920000000018,1.9829400000000135,-0.0007330647678961966,38.62929491051384,-0.08665962507440739,-0.11149230425227508,-0.015288183053192128,-0.9968487291191259,0.05218392729066146,-0.006313939285416126,0.07766962425170121,0.128185792925521,-0.18751556486313123,-0.5167475500102519
99,2019-05-23,135.130005,135.130005,130.440002,5343400,129.320847,-3.8682090000000073,-3.9658810000000244,-2.6667170000000056,-0.02947309008855454,31.124267945141227,-0.14922669178185544,-0.2226412122074528,-0.3815150003790819,-0.6517302354068497,-0.19787378391927568,-0.25005771120993714,-0.25637165049535326,-0.17238808695823593,-0.6038247766527901,-0.7414149968206524
100,2019-05-24,133.529999,134.25,131.58999599999999,2596100,129.213394,-0.10745299999999247,-3.975662,-4.073334000000017,-0.0008312477741564971,36.59129219068336,-0.2642936543900518,-0.28301892617885294,-0.3015988252399957,-0.9231247962540379,-0.2048200092247452,-0.006946225305469511,-0.25700393651540665,-0.2633178758008228,-0.18893777968344957,-0.5777563737985663
101,2019-05-28,132.130005,132.639999,130.270004,4908800,127.435608,-1.7777859999999919,-1.8852389999999843,-5.753447999999992,-0.013854052974835501,36.61964755083906,-0.3649764376106752,-0.39348213931021725,-0.3933286184860414,-0.6946625966867201,-0.31974376287431916,-0.11492375364957397,-0.12186997895504348,-0.3719276901649806,-0.3775776193459415,-0.5769075392242251
102,2019-05-29,130.0,130.279999,128.320007,3679000,126.683449,-0.752159000000006,-2.529944999999998,-2.6373979999999904,-0.005919754349803496,28.819034638701368,-0.5181591167320487,-0.555403270408906,-0.5288391531259578,-0.8161495223700717,-0.36836656428085135,-0.04862280140653219,-0.16354655505610616,-0.17049278036157567,-0.2626465582269186,-0.8104235271896605
103,2019-05-30,129.740005,129.970001,128.929993,2741900,126.566223,-0.11722600000000227,-0.8693850000000083,-2.647171,-0.0009257742167773678,35.42388819897309,-0.536857068454303,-0.576672434306504,-0.4864495858687441,-0.9087218089677858,-0.3759445584518737,-0.00757799417102234,-0.05620079557755453,-0.1711245492271285,-0.1903070279141562,-0.6127033067574934
104,2019-05-31,128.440002,128.440002,126.849998,3539300,124.046028,-2.520194999999987,-2.637420999999989,-3.389579999999995,-0.0201129828863614,35.903019844497194,-0.6303488407298712,-0.6816466583149214,-0.6309940310644819,-0.8299499155380374,-0.5388608314616103,-0.16291627300973666,-0.170494267180759,-0.21911706858729119,-0.4682403849156407,-0.5983602159221599
105,2019-06-03,127.099998,128.559998,127.059998,4266900,125.29636399999998,1.250335999999976,-1.269859000000011,-1.3870850000000132,0.01002915284689379,45.49614861452785,-0.7267173481997382,-0.6734136549050387,-0.6164005664210084,-0.7580732793962204,-0.45803372041270407,0.08082711104890627,-0.08208916196083038,-0.08966715613185272,-0.03162111862193459,-0.31118419941611153
106,2019-06-04,129.559998,132.740005,129.08999599999999,3913500,129.613907,4.317543000000029,5.567879000000005,3.047684000000018,0.03387824213490888,46.18449187589301,-0.5498025566201061,-0.38662066276926055,-0.4753305471861271,-0.7929842238884113,-0.17892912171328135,0.2791045986994227,0.359931709748329,0.19701543673859234,0.31384119230574853,-0.2905782344044485
107,2019-06-05,133.380005,133.610001,130.470001,3161300,128.44172700000001,-1.1721799999999973,3.1453630000000317,4.395699000000008,-0.009084770162039424,46.83510357530937,-0.2750807101820012,-0.3269296727814073,-0.37943028920841826,-0.8672909936875796,-0.25470389187850806,-0.07577477016522671,0.203329828534196,0.2841569395831023,-0.30849290746957697,-0.2711017861455325
108,2019-06-06,132.190002,132.649994,130.899994,2298200,129.154785,0.7130579999999895,-0.4591220000000078,3.858421000000021,0.005536253699539817,45.91987041208575,-0.36066165844384557,-0.3927963758757542,-0.34954891948250477,-0.9525531221290341,-0.2086087477330043,0.04609514414550375,-0.02967962601972296,0.24942497267969976,-0.09670231746628263,-0.2984998353419417
109,2019-06-07,132.470001,134.720001,132.21000700000002,2553400,130.21951299999998,1.064727999999974,1.7777859999999635,0.6056059999999661,0.008210019179365632,51.56225753794124,-0.3405250874164043,-0.25077185264600743,-0.258512593777775,-0.9273429550820416,-0.13978013822893587,0.06882860950406844,0.11492375364957219,0.03914898348434548,-0.05797189927779976,-0.12959162017753556
110,2019-06-10,134.380005,135.350006,133.91000400000001,2911300,131.61636399999998,1.396850999999998,2.461578999999972,3.1746369999999615,0.01066976968857916,58.40192489946565,-0.20316412823906127,-0.20754680086726474,-0.14037523133247376,-0.8919874739452132,-0.049481665741716085,0.09029847248721978,0.15912708199128822,0.20522222613679197,-0.022341561995047554,0.07515789108152537
111,2019-06-11,135.320007,136.46000700000002,135.050003,3407300,132.798325,1.1819610000000296,2.5788120000000276,3.6435400000000016,0.008940266345592224,59.214225857749966,-0.1355623973795339,-0.13138891212121528,-0.061153635617726465,-0.842989657114068,0.02692539044356579,0.07640705618528187,0.16670552867250166,0.2355341381765701,-0.04739401638481208,0.09947460349060844
112,2019-06-12,135.559998,135.940002,134.41000400000001,2254700,131.743347,-1.0549780000000055,0.12698300000002405,1.5238340000000221,-0.00797593501823498,58.71778440772394,-0.11830306496246479,-0.16706679253518786,-0.10562888694324712,-0.9568503096938623,-0.04127293701413848,-0.06819832745770427,0.008208728727577608,0.09850720121479739,-0.2924310467171409,0.0846133333602268
113,2019-06-13,135.130005,136.270004,135.08999599999999,2955300,132.612717,0.8693700000000035,-0.185608000000002,0.9963530000000276,0.006577289137802127,68.49191481198018,-0.14922669178185544,-0.14442514121958183,-0.05837441451541103,-0.8876408934198697,0.014926888898727952,0.05619982591286643,-0.011998501544837836,0.06440855464044404,-0.08162255890961352,0.3772077414613484
114,2019-06-14,135.440002,135.880005,134.429993,2193300,132.016861,-0.5958559999999977,0.2735140000000058,-0.7814639999999997,-0.00450332885309474,63.21443999826219,-0.1269327671292917,-0.17118322562947874,-0.10423979758725466,-0.9629157652451372,-0.023591812539251578,-0.03851870143797953,0.0176811244748869,-0.050517202982817366,-0.2421291447760076,0.21922339344037556
115,2019-06-17,135.389999,136.029999,134.699997,2194100,131.821503,-0.1953579999999988,-0.7912139999999965,0.078156000000007,-0.0014808918061842782,72.50068502190345,-0.13052881197618404,-0.160892039977778,-0.08547649364631837,-0.9628367365083128,-0.03622059613045714,-0.012628783591205561,-0.05114748502918509,0.005052340883681339,-0.19834809828615937,0.4972126624387829
116,2019-06-18,135.199997,137.190002,135.199997,2914700,133.218353,1.3968500000000006,1.2014920000000018,0.6056360000000041,0.010540776428783205,80.79621009358354,-0.14419310637850558,-0.0813034815719007,-0.05073014925709174,-0.8916516018137095,0.05407781171244963,0.09029840784290677,0.07766962425170121,0.03915092281372168,-0.02421007399921868,0.7455441403142256
117,2019-06-19,136.429993,138.360001,136.240005,2382400,133.90211499999998,0.6837619999999731,2.0806119999999737,1.885253999999975,0.005119514042006482,80.69714115813883,-0.055735998255018515,-0.001029091120908987,0.021542803014009237,-0.944235347578263,0.09827913608047822,0.044201324368028594,0.13449973221093536,0.1218709486197298,-0.10273893561165666,0.7425784527974078
118,2019-06-20,138.929993,139.53999299999998,138.199997,3071000,135.63108799999998,1.7289729999999963,2.4127349999999694,3.80958499999997,0.012829563824468955,88.92274422012115,0.12405545660233308,0.07993092554324299,0.1577479170782663,-0.8762113623566368,0.210047406906531,0.11176827082605278,0.15596959519408138,0.24626800303698815,0.008943803425069341,0.9888167737172349
119,2019-06-21,138.440002,139.53999299999998,138.389999,5288700,135.972961,0.34187300000002097,2.0708460000000173,2.7546079999999904,0.002517438026496635,89.29632043689654,0.08881697869952987,0.07993092554324299,0.17095166693154873,-0.65713382528722,0.2321475519360483,0.022100145029517293,0.13386841585557008,0.17806974022359867,-0.1404309071025456,0.9999999999999998
120,2019-06-24,139.199997,140.149994,139.050003,2186000,136.119507,0.14654600000000073,0.4884190000000217,2.217392000000018,0.001077178028830505,88.88119555779167,0.14347322139325414,0.12178348990397758,0.21681711949608484,-0.9636369024686601,0.24162091734804392,0.009473365411995616,0.03157351044151291,0.1433417812675657,-0.1612935715473669,0.9875729897938699
121,2019-06-25,139.46000700000002,139.550003,138.130005,2801200,135.152451,-0.9670559999999853,-0.8205099999999845,-0.47863699999996356,-0.007129819858738255,81.59740007143954,0.16217225186423967,0.08061771813743945,0.15288398480528542,-0.9028638038506751,0.17910624712938805,-0.06251467021865587,-0.05304130480666025,-0.030941159777142957,-0.28017477584739436,0.7695282389144695
122,2019-06-26,138.869995,139.679993,138.41000400000001,2284600,135.30874599999999,0.15629499999997165,-0.8107610000000136,-0.6642150000000129,0.001155766661774967,81.64549111106693,0.11974060551891874,0.08953641637113208,0.17234186817056418,-0.9538966106550494,0.18920982994343838,0.010103582814050327,-0.05241108740460554,-0.04293772199260992,-0.16015518800484377,0.7709678727941871
123,2019-06-27,138.720001,139.300003,137.949997,2149800,135.30874599999999,0.0,0.15629499999997165,-0.8107610000000136,0.0,75.92792485053506,0.10895354972697113,0.06346505594478025,0.14037474488365298,-0.9672129528099654,0.18920982994343838,0.0,0.010103582814050327,-0.05241108740460554,-0.17689686803497395,0.5998091255105649
124,2019-06-28,138.570007,139.139999,137.83999599999999,6153900,134.70311,-0.6056359999999756,-0.6056359999999756,-0.449341000000004,-0.004486003130636696,63.1751747150856,0.09816649393502175,0.052487077698883056,0.13273047962533369,-0.5716642464116013,0.15005890712971848,-0.0391509228137199,-0.0391509228137199,-0.029047339999669575,-0.2418781756909174,0.21804796383029235
125,2019-07-01,139.600006,141.490005,139.279999,3377700,136.63720700000002,1.9340970000000084,1.3284610000000328,1.3284610000000328,0.014256117763322135,63.24380307627839,0.17224050141966885,0.2137225139737602,0.23280015994437342,-0.8459137203765719,0.2750872779023439,0.1250283707726254,0.0858774479589055,0.0858774479589055,0.029607930865225562,0.22010239464834336
126,2019-07-02,139.75,140.429993,139.470001,2409700,136.96933,0.3321229999999957,2.266220000000004,1.6605840000000285,0.0024277428950898803,62.8882033949974,0.18302755721161645,0.14099440294910615,0.24600390979765585,-0.9415384919341294,0.2965571408854917,0.02146986298314779,0.1464982337557732,0.1073473109420533,-0.14173017211851882,0.209457306649512
127,2019-07-03,140.720001,141.820007,140.429993,1930400,138.258713,1.2893829999999866,1.6215059999999824,3.5556029999999907,0.009369629772016006,62.05574578329047,0.252786713612851,0.2363641652893662,0.31271633508345964,-0.9888865838840648,0.37990841840255385,0.08335127751706217,0.10482114050020996,0.22984951127283537,-0.041174538578809344,0.18453719282940217
128,2019-07-05,140.869995,141.490005,139.91000400000001,2134700,138.102448,-0.15626499999999055,1.133117999999996,1.4652409999999918,-0.0011308753812454403,62.008103131671554,0.2635737694048004,0.2137225139737602,0.2765809013382423,-0.9687046202175265,0.36980677491787795,-0.010101643484675904,0.07324963403238627,0.09471949701553406,-0.19327798925340978,0.18311098171145623
129,2019-07-08,141.050003,141.28999299999998,140.270004,2395300,137.311218,-0.791230000000013,-0.9474950000000035,0.3418879999999831,-0.005745772809967704,56.42971573577415,0.2765193294871846,0.19999956089184678,0.3015982692984842,-0.9429610091969691,0.31865825557969174,-0.051148519338186205,-0.06125016282286211,0.022101114694200064,-0.2601263754189053,0.016118636535603192
130,2019-07-09,140.610001,140.990005,139.130005,3365200,136.09996,-1.2112579999999866,-2.0024879999999996,-2.15875299999999,-0.008860397977636292,48.92106643417192,0.24487588959912898,0.17941718958844355,0.2223766735837387,-0.8471485443894535,0.24035731497262525,-0.0783009406070665,-0.1294494599452527,-0.1395511034299286,-0.30524279873814,-0.2086572470646919
131,2019-07-10,140.0,141.91000400000001,139.78999299999998,2513900,137.21353100000002,1.1135710000000074,-0.09768699999997921,-0.8889169999999922,0.008148717122056252,49.15470169367284,0.20100670269735232,0.24253891784677784,0.26824101426525004,-0.9312449989627477,0.31234334662959107,0.07198603165696582,-0.006314908950100673,-0.05746342828828688,-0.05885988079050944,-0.20166323658622964
132,2019-07-11,140.78999299999998,141.580002,140.300003,2132900,137.965698,0.7521669999999858,1.8657379999999932,0.6544800000000066,0.005466756164469048,48.04223038906293,0.2578202990161991,0.2198972665311718,0.30368298046914965,-0.9688824348753815,0.36096666519062026,0.048623318561029194,0.12060935021799501,0.04230840961092852,-0.09770901331027827,-0.23496572687836625
133,2019-07-12,141.919998,142.919998,141.66000400000001,2786200,139.43090800000002,1.4652100000000132,2.217376999999999,3.3309480000000065,0.010564106371723952,44.787339287514335,0.33908639619463266,0.311835261441221,0.39819310670053554,-0.9043455926661331,0.45568415823247044,0.09471749304185018,0.14334081160287937,0.2153268432598452,-0.023872131702773358,-0.3324028282778424
134,2019-07-15,142.889999,143.509995,142.119995,2368300,139.99748200000002,0.5665740000000028,2.031784000000016,2.783951000000002,0.00405524131919013,45.128903043914505,0.4088455525958654,0.35231533838394746,0.430159118104422,-0.9456282290647936,0.4923099449133499,0.03662578668087946,0.13134327972272963,0.17996659828375883,-0.11815529427597674,-0.32217791404003115
135,2019-07-16,143.169998,144.03999299999998,143.020004,3474700,140.20259099999998,0.20510899999996468,0.7716829999999675,2.2368929999999807,0.001464018438246317,53.2225118133609,0.42898212362330845,0.3886788450110821,0.49270316343922893,-0.83633148603661,0.5055690751952326,0.013259130281882747,0.049884916962762205,0.14460241000461238,-0.15569005435712538,-0.07989092078823412
136,2019-07-17,143.610001,143.800003,141.949997,6064300,139.753265,-0.449325999999985,-0.24421700000002033,0.32235699999998246,-0.003209980260746358,43.22123099742096,0.46062563542794877,0.3722129754126211,0.4183454999974643,-0.5805154649359372,0.4765227048602494,-0.02904637033498325,-0.015787240053100504,0.020838546627778953,-0.22339454287352445,-0.3792852115906933
137,2019-07-18,142.5,150.309998,142.199997,12692600,146.161179,6.407914000000005,5.95858800000002,6.163696999999985,0.044831503628906526,58.74779704692625,0.38079815755470214,0.8188679558561844,0.4357186721920776,0.07426725543075618,0.8907578996157852,0.41423519475553583,0.3851888244205526,0.3984479547024353,0.4725029752449059,0.08551177956871303
138,2019-07-19,149.96000700000002,151.580002,149.550003,7290700,146.21000700000002,0.048828000000014526,6.45674200000002,6.007416000000035,0.000334013766007451,70.77669031422042,0.9172963622651107,0.9060037542374815,0.9464903516698371,-0.45936441138408945,0.8939143521039945,0.0031564524882092826,0.4173916472437451,0.38834527690876186,-0.17205856305430625,0.4456038552916708
139,2019-07-22,150.16000400000001,151.940002,149.699997,4092600,146.268631,0.05862399999998047,0.107451999999995,6.515366,0.0004008771456674307,71.29244146876295,0.9316794629039524,0.9307035877949072,0.9569138380304718,-0.7752916654318426,0.8977040602769417,0.003789708172947215,0.0069461606611564974,0.4211813554166923,-0.17109002386294267,0.46104317291374053
140,2019-07-23,150.570007,150.720001,148.380005,3742200,146.893799,0.6251680000000022,0.6837919999999826,0.7326199999999972,0.004265000448127839,69.37033436209813,0.9611654772503027,0.8469985276840895,0.8651840447844261,-0.8099062521609419,0.9381176158013957,0.040413555524454026,0.04420326369740124,0.04735971618561052,-0.11511686070956739,0.4035037532497008
141,2019-07-24,150.119995,151.449997,149.199997,2952400,146.551895,-0.34190399999999954,0.2832640000000026,0.3418879999999831,-0.002330272085821268,69.98960638224833,0.9288021523769956,0.8970840268440536,0.9221674936412452,-0.8879273725908583,0.9160154667981946,-0.022102149003201177,0.01831140652125285,0.022101114694200064,-0.21065166555097956,0.4220420295663876
142,2019-07-25,149.820007,150.619995,148.610001,3102100,146.903564,0.3516689999999869,0.009764999999987367,0.6349329999999895,0.0023967464741811873,68.65644982261446,0.9072280407930968,0.8401370511431328,0.8811670852327147,-0.8731391202125872,0.9387488675124498,0.022733400714255225,0.0006312517110540483,0.041044807235508074,-0.1421791660011903,0.3821331948835256
143,2019-07-26,151.0,151.41000400000001,150.100006,2904300,147.851074,0.9475100000000225,1.2991790000000094,0.9572750000000099,0.006429166103299301,72.88820584530625,0.9920891040696933,0.8943400811677709,0.9847115389760521,-0.8926789753924269,1.0,0.06125113248755021,0.08398453320180543,0.06188238419860426,-0.08376817231996218,0.5088133288163281
144,2019-07-29,151.110001,151.479996,150.320007,2075500,147.382202,-0.4688720000000046,0.4786380000000179,0.8303070000000048,-0.003176284194980336,74.2282820843005,0.9999999999999982,0.8991422776965248,1.0,-0.9745527467425341,0.9696900919339075,-0.03030990806609246,0.030941224421457747,0.05367462513571297,-0.22290644370092624,0.5489293082172331
145,2019-07-30,150.0,150.399994,149.220001,2632700,146.297943,-1.084259000000003,-1.5531310000000076,-0.6056209999999851,-0.007383978419304116,69.76359591515788,0.9201725221267534,0.8250426398029447,0.9235576253875699,-0.9195092315443203,0.8995989143634162,-0.07009117757049133,-0.10040108563658379,-0.03914995314903358,-0.28385635054464115,0.41527627178458126
146,2019-07-31,149.699997,150.179993,146.389999,3722900,144.803421,-1.4945220000000177,-2.5787810000000206,-3.0476530000000253,-0.010268142413716503,64.3844562464975,0.8985973317941252,0.8099482284627584,0.7268931771591696,-0.8118128204368312,0.8029865672350933,-0.0966123471283229,-0.16670352469881422,-0.19701343276490668,-0.3256344640219062,0.2542485258523628
147,2019-08-01,148.899994,152.820007,148.5,6344000,146.83518999999998,2.031768999999997,0.5372469999999794,-0.5470120000000236,0.01393369598694606,66.49765884850214,0.841063850490027,0.9910813017663074,0.8735228199743954,-0.5528850428236967,0.9343288772931331,0.13134231005803976,0.03472996292971686,-0.03536121464077446,0.024937539865588443,0.317508502848582
148,2019-08-02,149.029999,152.949997,145.58999599999999,8101700,143.836349,-2.9988409999999703,-0.9670719999999733,-2.461593999999991,-0.02063461331821424,57.600399860517335,0.8504133657255188,1.0,0.6712988176583412,-0.3792490294283257,0.7404708627074399,-0.19385801458569318,-0.06251570452765343,-0.15912805165597632,-0.47579638222278503,0.0511637622281611
149,2019-08-05,144.979996,145.100006,139.149994,7114900,137.496811,-6.339538000000005,-9.338378999999975,-7.306609999999978,-0.04507546392147535,50.25461611099825,0.5591509931068668,0.4614070246463875,0.22376576293972938,-0.4767309763012575,0.33065578745984325,-0.40981507524759664,-0.6036730898332898,-0.47233077977525006,-0.8298305605712183,-0.16873664418481527
150,2019-08-06,142.029999,142.470001,139.309998,5070700,137.467499,-0.029312000000004446,-6.368850000000009,-9.36769099999998,-0.00021320585286895095,50.97642393049388,0.34699729212493935,0.2809606753263836,0.23488487111503886,-0.6786691560718765,0.32876093337336876,-0.0018948540864744956,-0.41170992933407113,-0.6055679439197643,-0.1799852285902103,-0.14712889771806892
151,2019-08-07,138.740005,139.580002,136.41000400000001,5931900,135.885056,-1.582443000000012,-1.6117550000000165,-7.951293000000021,-0.011578166355069084,37.03833071971418,0.11039216903215632,0.08267596898990881,0.03335649061365942,-0.59359472088038,0.22646499365031048,-0.10229593972305828,-0.10419079380953278,-0.5140058690571294,-0.3446106141249494,-0.5643740094970617
152,2019-08-08,138.449997,140.419998,137.759995,5261100,138.4646,2.5795439999999985,0.9971009999999865,0.967788999999982,0.018805345386923668,34.58541264729894,0.0895357849360483,0.14030863951464312,0.12717099503037055,-0.6598603167076628,0.3932178419595225,0.166752848309212,0.06445690858615372,0.06256205449967922,0.09550506717957569,-0.6378035711904835
153,2019-08-09,139.270004,139.309998,135.350006,5244600,134.54093899999998,-3.92366100000001,-1.3441170000000113,-2.9265600000000234,-0.02874616537927902,27.592741391435226,0.14850788554533345,0.06415081937924327,-0.04030562050612474,-0.6614902844046665,0.1395754743357216,-0.2536423676238009,-0.08688951931458888,-0.18918545903764716,-0.5932950206984211,-0.8471333450457833
154,2019-08-12,135.66000400000001,135.869995,133.179993,4083900,132.10965,-2.4312889999999925,-6.354950000000002,-3.775406000000004,-0.01823627233074645,27.623289336679065,-0.1111109752686783,-0.1718700182236752,-0.19110565856032125,-0.7761511029448083,-0.01759353143152076,-0.15716900576724235,-0.41081137339104323,-0.24405852508183123,-0.44105558311228943,-0.8462188741325004
155,2019-08-13,133.800003,136.570007,132.809998,4522100,134.204895,2.0952450000000056,-0.3360439999999869,-4.259704999999997,0.015735439702848058,28.917022991735408,-0.24487588959913076,-0.12384174075644694,-0.21681760594490385,-0.732863112349228,0.11785214100346586,0.13544567243498662,-0.021723333332255734,-0.2753657009560566,0.05103642105463779,-0.8074901875501245
156,2019-08-14,133.91000400000001,134.16000400000001,130.979996,5114200,129.717896,-4.486998999999997,-2.3917539999999917,-4.823042999999984,-0.03400563752442658,28.280605418993517,-0.23696499366882406,-0.2891936101256132,-0.3439893653948509,-0.6743719685070483,-0.17220682430613365,-0.2900589653095995,-0.1546132928746129,-0.31178229864185525,-0.6694802946759699,-0.8265417261832164
157,2019-08-15,131.220001,132.369995,130.25,3738900,130.38008100000002,0.6621850000000222,-3.824813999999975,-1.7295689999999695,0.005091822999350723,23.625960607685656,-0.4304208148450801,-0.4120072889208828,-0.39471875023236613,-0.8102322457003427,-0.12940033026779219,0.04280649403834147,-0.24725247127125805,-0.11180679883627143,-0.10314004994656181,-0.9658812875719736
158,2019-08-16,133.03999299999998,134.58999599999999,132.949997,3012000,132.198593,1.81851199999997,2.480696999999992,-2.006302000000005,0.0138513996386148,27.51501043272667,-0.29953321104158626,-0.2596915800394335,-0.20708869900860982,-0.8820397316974384,-0.011843872349462714,0.11755645791832947,0.16036295195667094,-0.12969601335292857,0.02374544878269272,-0.8494602675354361
159,2019-08-19,134.880005,136.330002,134.880005,3165100,133.463654,1.2650610000000029,3.083572999999973,3.745757999999995,0.009523901694877348,31.7693832734969,-0.16720583726758953,-0.14030863951464134,-0.07296725372468593,-0.8669156071876636,0.06993512620024234,0.08177899854970505,0.19933545646803452,0.242141950506376,-0.03893985639286443,-0.7221030856991276
160,2019-08-20,135.240005,135.279999,132.809998,3018600,131.447464,-2.0161899999999946,-0.7511289999999917,1.0673829999999782,-0.015221927607491371,32.24863819554804,-0.14131586776813343,-0.2123500265557503,-0.21681760594490385,-0.8813877446186369,-0.06040009011417169,-0.13033521631441403,-0.048556217764708975,0.0690002401536205,-0.39739175673080684,-0.7077563045076225
161,2019-08-21,134.96000700000002,135.940002,133.800003,2805700,132.682877,1.235412999999994,-0.7807770000000005,0.4842840000000024,0.009354639111008426,27.989274511836285,-0.16145236687899,-0.16706679253518786,-0.14801949659079305,-0.9024192672060377,0.019462333860076342,0.07986242397424803,-0.050472792340165995,0.031306206209539056,-0.0413916834907794,-0.8352628901963457
162,2019-08-22,134.690002,135.679993,133.809998,2694900,132.752075,0.06919800000000009,1.3046109999999942,-0.7115790000000004,0.0005213932908702175,30.814878602628525,-0.18087020358649575,-0.18490617871139214,-0.14732491716645058,-0.913364747256221,0.023935590992847366,0.004473257132771025,0.08433568110701906,-0.04599953520739497,-0.16934430579702167,-0.7506767508387775
163,2019-08-23,133.630005,134.259995,128.830002,4818400,128.05751,-4.694564999999983,-4.625366999999983,-3.389953999999989,-0.03600383099401055,32.2690760749355,-0.25710156469626533,-0.2823331627443899,-0.4933982293123904,-0.7035928439478805,-0.2795413356743186,-0.30347692666716597,-0.29900366953439494,-0.2191412455601469,-0.6984248185253558,-0.7071444844300419
164,2019-08-26,131.050003,131.300003,129.16000400000001,2833900,128.47261,0.41509999999999536,-4.279464999999988,-4.2102669999999875,0.0032362699732396334,33.72915601439479,-0.44264648994221467,-0.4854201342202664,-0.47046550303012324,-0.8996335042329766,-0.25270748157717904,0.026833854097139564,-0.2766430725700264,-0.2721698154372554,-0.13001837761382945,-0.6634361228677303
165,2019-08-27,131.199997,131.699997,130.309998,4728000,129.638824,1.1662139999999965,1.581313999999992,-3.113250999999991,0.009036577093665588,43.03899490156157,-0.43185943415026706,-0.45797628637590826,-0.39054932789103525,-0.7125230912090408,-0.17731837938001682,0.07538910219716222,0.10222295629430178,-0.2012539703728642,-0.04599892187219612,-0.3847405575291327
166,2019-08-28,130.440002,132.889999,130.03999299999998,2713600,131.210266,1.5714419999999905,2.737655999999987,3.1527559999999824,0.012048813442170816,39.98132012937814,-0.48651567684399133,-0.3763294771175598,-0.409312701324664,-0.91151745053295,-0.07573359173819938,0.10158478764181744,0.17697388983897966,0.20380774393611922,-0.0023656360285340405,-0.47627387078870975
167,2019-08-29,134.179993,135.690002,134.03999299999998,2971800,133.305527,2.095261000000022,3.6667030000000125,4.832917000000009,0.015842568790743475,47.88086354292499,-0.21754830762663246,-0.18421945472784707,-0.1313419462108527,-0.8860109257228659,0.05971311500578658,0.13544670674398596,0.2370314943858034,0.3124205965829656,0.05258822296308735,-0.23979633941166267
168,2019-08-30,135.580002,136.070007,134.360001,2960600,133.94793700000002,0.6424100000000124,2.7376710000000344,4.309113000000025,0.004807505412068345,55.09570512975572,-0.11686444565727783,-0.1581470651417618,-0.10910372986023553,-0.8871173280384079,0.10124126776547016,0.04152815275968358,0.17697485950366953,0.278559647145487,-0.1072584885818397,-0.02381576453383727
169,2019-09-03,134.850006,134.899994,133.330002,2827900,132.534637,-1.4133000000000209,-0.7708900000000085,1.3243710000000135,-0.010607172017841084,47.427076588027695,-0.1693632628092967,-0.23842241614183557,-0.18068112980935425,-0.9002262197591598,0.00987946098279302,-0.09136180678267714,-0.049833654022993557,0.0856130527209924,-0.33054542515335,-0.25338072185599403
170,2019-09-04,135.71000700000002,136.429993,135.149994,2247900,134.72872900000002,2.194092000000012,0.780791999999991,1.4232020000000034,0.01641931945603405,55.54023223679579,-0.10751493042178595,-0.13344819213341808,-0.05420499217408015,-0.95752205395687,0.15171502977032247,0.14183556878752945,0.05047376200485232,0.0920019147645359,0.06094265592504064,-0.010508581143624518
171,2019-09-05,138.300003,141.699997,138.050003,5011600,139.324432,4.595702999999986,6.789794999999998,5.376494999999977,0.03354191460735845,65.07419650089787,0.0787487291441007,0.2281302013304014,0.14732443071763157,-0.6845074040047812,0.44880109042026106,0.2970860606499386,0.43892162943746804,0.3475598226547909,0.3089693716884911,0.2748963106815798
172,2019-09-06,141.520004,141.529999,140.46000700000002,2576800,138.929108,-0.395323999999988,4.200378999999998,6.39447100000001,-0.0028414680078115064,64.84552485485041,0.3103201949169492,0.21646652826069257,0.31480208864445913,-0.9250313645299271,0.4232456422460924,-0.02555544817416866,0.27153061247576993,0.4133661812632994,-0.21805651537207113,0.26805088892460915
173,2019-09-09,140.58999599999999,143.020004,140.46000700000002,4226600,140.93541000000002,2.006302000000005,1.6109780000000171,6.206681000000003,0.014337911678123445,65.8074785959536,0.24343719837735733,0.3186967379821759,0.31480208864445913,-0.7620543520137509,0.5529416555990228,0.12969601335293035,0.10414056517876169,0.4012266258287003,0.03079274402458096,0.29684754641305244
174,2019-09-10,143.0,145.46000700000002,142.96000700000002,4979700,143.35681200000002,2.4214020000000005,4.427704000000006,4.032380000000018,0.01703501093739418,73.57141250265492,0.4167564485261721,0.48610692681446466,0.48853381059059053,-0.6876586748856552,0.7094715230490909,0.15652986745006814,0.2862258808029985,0.26067043262882983,0.06986116008259965,0.529265526531087
175,2019-09-11,144.850006,145.119995,142.71000700000002,3869700,141.92373700000002,-1.4330750000000023,0.9883269999999982,2.9946290000000033,-0.010046861305359544,66.04676198340167,0.5498025566201044,0.46277848290466217,0.4711606383959772,-0.7973110472295488,0.6168313749877576,-0.09264014806133325,0.06388971938873489,0.19358573274166524,-0.32242913059661477,0.3040106369615794
176,2019-09-12,144.029999,144.03999299999998,141.880005,2505400,141.943497,0.019759999999990896,-1.4133150000000114,1.008086999999989,0.00013922001319754477,66.08607900203296,0.4908304560108192,0.3886788450110821,0.4134815677244834,-0.9320846792915073,0.6181087466017292,0.0012773716139715674,-0.09136277644736168,0.06516709100270646,-0.17488021796897854,0.30518761530327576
177,2019-09-13,144.320007,144.649994,143.259995,2206600,141.99292,0.049422999999990225,0.06918299999998112,-1.3638920000000212,0.00034812723933992743,74.21599713515067,0.5116868401069272,0.43053140937181666,0.50938078331186,-0.961601912495431,0.6213036624558423,0.003194915854113134,0.004472287468084701,-0.08816786059324855,-0.17185412450934665,0.5485615509563437
178,2019-09-16,142.559998,143.639999,142.270004,1928500,140.816803,-1.176117000000005,-1.1266940000000147,-1.1069340000000238,-0.008317421111134078,75.3068925430911,0.3851130086381147,0.3612349971667239,0.44058364685539075,-0.9890742771340227,0.5452743876325066,-0.07602927482333577,-0.07283435896922263,-0.07155698735525107,-0.2973775909385117,0.5812181539465764
179,2019-09-17,142.479996,142.479996,140.66000400000001,2933200,140.54007,-0.2767330000000072,-1.4528500000000122,-1.403427000000022,-0.0019671322494217857,67.73119516364486,0.3793595382495152,0.2816464387608466,0.32870041792208227,-0.8898240622746445,0.5273851731158512,-0.017889214516655372,-0.09391848933999114,-0.090723573485878,-0.2053914593620787,0.35443514625035744
180,2019-09-18,142.050003,142.300003,140.509995,1983600,140.559845,0.019775000000009868,-0.25695799999999736,-1.4330750000000023,0.00014069730353793368,62.698395086620955,0.3484359114301263,0.26929700225667474,0.31827588917111527,-0.9836311728852403,0.5286635143945091,0.0012783412786578907,-0.01661087323799748,-0.09264014806133325,-0.17485881890720562,0.2037752820248051
181,2019-09-19,142.46000700000002,145.029999,142.449997,3089900,141.301086,0.7412410000000023,0.7610160000000121,0.4842830000000049,0.005259634289588955,62.957758419651874,0.37792199769305945,0.45660379895790193,0.45309184438668915,-0.8743443084491598,0.5765805291977344,0.0479170148032253,0.04919535608188319,0.03130614156522782,-0.10070924533908403,0.21153947768954384
182,2019-09-20,143.25,143.830002,141.820007,5193400,140.223816,-1.0772699999999986,-0.33602899999999636,-0.3162539999999865,-0.007653143649969225,53.445764089261566,0.434735594011908,0.37427122626509046,0.4093121453831525,-0.6665481235614299,0.5069411507269397,-0.06963937847079471,-0.02172236366756941,-0.02044402238891152,-0.28775530205109046,-0.07320773110049084
183,2019-09-23,141.190002,142.220001,140.559998,1817900,140.411606,0.18779000000000678,-0.8894799999999918,-0.14823899999998957,0.001338320206985384,54.473075201657245,0.2865875790426138,0.26380801313372615,0.3217507320881037,-0.9999999999999999,0.5190807061615406,0.01213955543460088,-0.05749982303619383,-0.009582808232968532,-0.15751083673277552,-0.04245456182251339
184,2019-09-24,142.5,142.889999,141.070007,3231600,140.02613799999997,-0.38546800000003145,-0.19767800000002467,-1.2749480000000233,-0.002749046809881459,55.54543060981462,0.38079815755470214,0.30977701058874985,0.35719262879931435,-0.860346343439133,0.4941623923308551,-0.024918313830685435,-0.012778758396084555,-0.08241813686687927,-0.21671776233919687,-0.01035296475488967
185,2019-09-25,141.740005,143.630005,140.860001,2526700,141.488876,1.46273800000003,1.0772699999999986,1.2650600000000054,0.010391993968966382,53.067619835986065,0.3261419148609779,0.3605493023429105,0.3425987471997072,-0.9299805391735569,0.5887200846323335,0.09455769230147837,0.06963937847079293,0.08177893390539381,-0.02636523941342403,-0.08452770427332723
186,2019-09-26,143.169998,143.880005,141.41000400000001,2309800,141.87432900000002,0.3854530000000125,1.8481910000000425,1.462723000000011,0.002720559557070066,52.81600679958777,0.42898212362330845,0.3777019645355697,0.3808199345059222,-0.95140720544508,0.6136374287983308,0.024917344165997335,0.1194750364674757,0.09455672263679027,-0.13748862144527615,-0.09205989019785998
187,2019-09-27,144.41000400000001,145.08999599999999,142.380005,2356800,141.567947,-0.3063820000000135,0.079070999999999,1.541809000000029,-0.002161866067765015,50.70445606387976,0.518159116732047,0.46072023205219104,0.44822791211371005,-0.9467642671566447,0.5938315750619036,-0.01980585373642718,0.0051114904295701535,0.09966918273104852,-0.20821224610526184,-0.15527041759382487
188,2019-09-30,143.729996,146.570007,143.729996,3988400,143.722488,2.1545409999999947,1.8481589999999812,2.2336119999999937,0.015104480893086157,49.49429129753634,0.469255265678191,0.5622647469498627,0.5420424165304212,-0.7855851584032243,0.7331103966478043,0.13927882158590066,0.11947296784947348,0.1443903120154708,0.04189676436216758,-0.19149741977899049
189,2019-10-01,145.58999599999999,147.350006,143.53999299999998,2960800,141.983032,-1.73945599999999,0.4150850000000048,0.10870299999999133,-0.012176716030723655,50.62530576493263,0.6030201080920587,0.6157809843803062,0.528838597184448,-0.8870975708542017,0.6206644594943587,-0.11244593715344564,0.026832884432455018,0.007027030696027836,-0.3532808132952194,-0.15763982887785866
190,2019-10-02,142.190002,142.270004,140.570007,3340800,140.036026,-1.947006000000016,-3.686462000000006,-1.5319210000000112,-0.013807839426247292,49.61226676157996,0.3585041609855537,0.2672387514042036,0.3224462844100877,-0.8495589208625987,0.4948015952923406,-0.1258628642020181,-0.23830880135546373,-0.09902997976956307,-0.3769082001031918,-0.18796575408141947
191,2019-10-03,141.619995,142.070007,139.179993,2928800,140.36218300000002,0.32615700000002334,-1.6208489999999927,-3.3603049999999826,0.0023263853807189623,43.31397572051925,0.31751120586200443,0.25351682748202364,0.22585047411039483,-0.8902587203271789,0.5158857903074257,0.021084195015085072,-0.10477866918693302,-0.21722460634037866,-0.14319837078730654,-0.37650884313262245
192,2019-10-04,142.059998,143.059998,141.029999,2413600,141.320862,0.9586789999999894,1.2848360000000127,-0.6621700000000033,0.0068068186462487195,48.670683498849435,0.34915471766664474,0.32144075226911006,0.35441236530666487,-0.9411532268421103,0.5778589351207053,0.061973144813279646,0.08305733982836472,-0.04280552437365337,-0.07829774455479863,-0.2161526091817556
193,2019-10-07,142.259995,142.699997,141.220001,2426500,139.630814,-1.6900480000000186,-0.7313690000000292,-0.4052120000000059,-0.01203102547451251,49.27536030809154,0.3635378183054865,0.2967408501010329,0.3676161151599491,-0.9398788884608165,0.46860694415668647,-0.10925199096401883,-0.047278846150739184,-0.026194651135654112,-0.3511704351746454,-0.19805124918602401
194,2019-10-08,140.240005,140.470001,138.25,3225400,136.764679,-2.8661349999999857,-4.556183000000004,-3.597504000000015,-0.020740119223788583,47.89076767373844,0.21826704194656799,0.14373937778512058,0.1612227599952547,-0.8609588161495223,0.2833276176987063,-0.18527932645798018,-0.294531317421999,-0.23255817260871936,-0.4773246717736379,-0.2394998533639776
195,2019-10-09,139.770004,140.330002,138.78999299999998,2620800,138.039612,1.2749330000000043,-1.5912019999999814,-3.28125,0.009278910040286838,47.20402836199976,0.18446617651680342,0.13413395556788288,0.19874832548679677,-0.9206847840045835,0.36574478490089746,0.08241716720219117,-0.10286215925578901,-0.21211415021980784,-0.042488645284999044,-0.26005780318941163
196,2019-10-10,139.770004,141.779999,139.559998,2593700,139.482574,1.4429619999999943,2.7178949999999986,-0.14823999999998705,0.010398988449479434,57.05184060342568,0.18446617651680342,0.23361919045335,0.2522580433096522,-0.9233618824645111,0.45902407127940315,0.09327928637850569,0.17569645358069685,-0.009582872877283322,-0.026263921942865837,0.03474231453934884
197,2019-10-11,142.770004,144.5,142.610001,2996800,141.093536,1.6109620000000007,3.053923999999995,4.328856999999999,0.011483370432323524,62.886857957037556,0.4002159223456232,0.42024022372011594,0.4642109525619986,-0.8835412776971026,0.5631636021491637,0.10413953086976058,0.19741881724826627,0.27983598445045743,-0.010556273688560491,0.20941703016380808
198,2019-10-14,142.309998,142.429993,141.320007,2309500,140.381943,-0.7115929999999935,0.8993690000000072,2.3423310000000015,-0.005056174118689817,56.103165868547094,0.3671338631523806,0.27821570049036737,0.3745658009939259,-0.951436841221389,0.5171631619213972,-0.046000440227766504,0.05813909064199407,0.15141837702049976,-0.25013729975129556,0.006343172001674446
199,2019-10-15,142.53999299999998,143.720001,141.809998,3025500,141.330734,0.9487909999999999,0.23719800000000646,1.8481600000000071,0.006735902675806778,56.66559997611281,0.38367431741634483,0.3667239862896725,0.40861659306117026,-0.8807061217635261,0.5784971037731914,0.061333941851794194,0.01533350162402769,0.11947303249378827,-0.07932498692597226,0.02317997159332008
200,2019-10-16,142.490005,142.949997,141.389999,5332600,140.451126,-0.8796080000000188,0.06918299999998112,-0.6424100000000124,-0.006243204279240753,47.19604602218681,0.38007935131818193,0.31389351229369034,0.37942973326690677,-0.6527971233539795,0.5216354493894819,-0.05686165438370949,0.004472287468084701,-0.0415281527596818,-0.26733184237942265,-0.26029675928025897
201,2019-10-17,135.0,136.0,132.91000400000001,15759800,132.69276399999998,-7.758362000000005,-8.637970000000024,-7.689179000000024,-0.05682315976745737,32.14130254702832,-0.15857620701734731,-0.16295029083024737,-0.20986792011092525,0.37726343241561233,0.020101472177247004,-0.5015339772122349,-0.5583956315959444,-0.4970616897441502,-1.0,-0.7109694609980558
202,2019-10-18,134.220001,134.490005,132.25,7177500,132.52475,-0.16801399999997102,-7.926375999999976,-8.805983999999995,-0.0012669904030210078,23.59523380167066,-0.21467106901626032,-0.26655202742065676,-0.2557333726754596,-0.47054697764474596,0.009240322665620582,-0.010861149511626422,-0.5123951267238613,-0.5692567811075708,-0.1952496624442259,-0.9668011127888421
203,2019-10-21,132.610001,133.100006,130.899994,6306100,131.032379,-1.4923710000000199,-1.660384999999991,-9.418746999999996,-0.01132495983644904,22.486223363009415,-0.3304567659443922,-0.36192076060118517,-0.34954891948250477,-0.556629029230754,-0.08723297454662671,-0.09647329721224729,-0.10733444672387371,-0.6088684239361086,-0.3409428300847264,-1.0
204,2019-10-22,132.550003,134.050003,131.610001,4161600,132.39627099999998,1.3638919999999928,-0.1284790000000271,-0.2964929999999981,0.01035501785458832,28.652344347667693,-0.3347716170278048,-0.29674085010103113,-0.30020862400098025,-0.7684754368807356,0.0009348860466200648,0.08816786059324677,-0.008305436619000517,-0.01916658613062694,-0.0269008512251753,-0.81541350021273
205,2019-10-23,133.520004,134.570007,132.699997,3610900,132.811371,0.4151000000000238,1.7789920000000166,0.2866209999999967,0.0031303799230139634,33.939617762205586,-0.265012460626572,-0.26106303829770816,-0.22446187120322314,-0.8228768435922511,0.027768740143763182,0.026833854097143117,0.11500171469038989,0.0185284174781426,-0.13155223163288382,-0.6571358252472064
206,2019-10-24,134.830002,135.070007,133.300003,2598500,132.50499,-0.306381000000016,0.10871900000000778,1.4726110000000006,-0.002309553282221312,33.97719014970325,-0.17080188211448366,-0.2267577139123933,-0.1827658409800179,-0.9228877100435645,0.007962951051649014,-0.019805789092114168,0.0070280650050289495,0.09519592559827572,-0.21035154651142804,-0.6560110734763442
207,2019-10-25,134.119995,135.929993,134.100006,2579100,133.858994,1.3540040000000033,1.0476229999999873,1.462723000000011,0.010166657235247116,37.93271900642284,-0.22186315871004503,-0.16775351651873294,-0.12717148147918955,-0.9248041569115568,0.09549160868341033,0.08752865763176132,0.06772286853964715,0.09455672263679027,-0.029629319975471857,-0.5375999640793598
208,2019-10-28,136.0,136.630005,135.449997,3225700,134.382797,0.5238030000000151,1.8778070000000184,1.5714260000000024,0.003905459054887471,42.98168149328409,-0.08665962507440739,-0.11972523905150645,-0.03335697706247842,-0.8609291803732131,0.1293524934765813,0.03386088479317095,0.12138954242493227,0.1015837533328181,-0.12032494220412554,-0.38645626850060744
209,2019-10-29,135.419998,135.570007,133.440002,4160700,132.257904,-2.1248930000000144,-1.6010899999999992,-0.24708599999999592,-0.015938586836656086,37.970961690210686,-0.12837138643447688,-0.19245238952707844,-0.1730369340437239,-0.7685643442096631,-0.008009753533862352,-0.13736224701044364,-0.10350136221727269,-0.015972704585511366,-0.4077728136535679,-0.5364551465903042
210,2019-10-30,133.830002,135.279999,133.199997,2252700,133.67120400000002,1.4133000000000209,-0.7115929999999935,-0.18778999999997836,0.010629248651513792,37.5378672581338,-0.2427184640574236,-0.2123500265557503,-0.1897155268139965,-0.9570478815359234,0.08335205324881301,0.09136180678267536,-0.04600044022776828,-0.012139555434597327,-0.02292852323858749,-0.549420086054407
211,2019-10-31,135.110001,135.25,133.229996,3412100,132.168945,-1.5022590000000093,-0.08895899999998846,-2.213852000000003,-0.011302092605843863,32.606587353792165,-0.1506653110870424,-0.21440827740822144,-0.18763081564333284,-0.8425154846931214,-0.013760446924917957,-0.09711250017373096,-0.005750693391055606,-0.14311294040149924,-0.34061159033657595,-0.6970408835182395
212,2019-11-01,134.5,135.559998,134.08999599999999,3089800,133.94793700000002,1.7789920000000166,0.2767330000000072,1.690033000000028,0.013370204009237196,36.91368071978672,-0.19453449798881728,-0.19313911351062174,-0.1278671032938643,-0.8743541870412628,0.10124126776547016,0.11500171469038811,0.017889214516657148,0.10925102129933251,0.016775163581210145,-0.5681054813968738
213,2019-11-04,136.240005,137.740005,136.229996,3335400,136.062958,2.1150209999999845,3.894013000000001,2.3917539999999917,0.015666510486351985,37.09159614365805,-0.0693992858251935,-0.043567418916106604,0.0208472506920252,-0.8500923648361635,0.2379653461234259,0.13672407835795575,0.25172579304834386,0.1546132928746129,0.05003795750185405,-0.5627794773446848
214,2019-11-05,137.800003,138.759995,137.630005,3015000,136.280396,0.21743799999998714,2.3324589999999716,4.111450999999988,0.0015967934815183799,43.33766344779248,0.04279043817263073,0.026414756723449173,0.11813764041605879,-0.8817433739343468,0.25202147613348025,0.014056130010054346,0.1507802083680101,0.2657819230583982,-0.15376676191067795,-0.37579973692530677
215,2019-11-06,138.0,138.779999,137.550003,4477300,137.16000400000001,0.8796080000000188,1.097046000000006,3.2120669999999905,0.006433658186983447,60.97020750187751,0.05717353881147247,0.02778724414145728,0.11257808632840494,-0.7372887216113959,0.30888313051718974,0.05686165438370949,0.07091778439376384,0.20764186275171959,-0.08370310293338457,0.15204095860862465
216,2019-11-07,137.869995,139.139999,137.580002,4073800,137.690002,0.5299979999999778,1.4096059999999966,1.6270439999999837,0.0038566392239232747,72.80698081337411,0.047824023575978813,0.052487077698883056,0.11466279749907038,-0.7771488407472167,0.3431444868259721,0.034261356308782354,0.09112301069249185,0.10517914070254619,-0.12103211434895311,0.5063818091661678
217,2019-11-08,137.580002,137.610001,136.16000400000001,2278400,137.610001,-0.08000099999998156,0.4499969999999962,1.329605000000015,-0.000581191437559809,78.83286348904474,0.02696871822860203,-0.052487077698883056,0.0159833184190461,-0.9545090833654386,0.3379728771858268,-0.0051716096401452916,0.029089746668637062,0.08595140105234655,-0.18531562711990437,0.6867701917487119
